시점,행정구역(시),행정구역(시군구)별,총인구수,남자인구수,여자인구수,영아기,아동기,청소년기,청년기,중년기,노년기
2023,전국,전국,51145884.5,25469181.0,25676703.5,1380804.5,2050235.0,4670801.0,12857225.0,16534366.0,16933406.5
2023,서울특별시,서울특별시,9334933.5,4517716.5,4817217.0,220265.5,308678.0,739051.5,2785782.5,2895349.0,2908352.5
2023,서울특별시,강남구,529711.5,253227.5,276484.0,11753.0,20850.0,60724.5,143489.0,178728.5,137498.5
2023,서울특별시,강동구,456583.5,223164.5,233419.0,13400.5,18305.0,38867.0,125691.5,143860.0,137049.0
2023,서울특별시,강북구,288656.5,139838.5,148818.0,4806.0,7356.5,19546.5,74110.0,90358.0,114242.5
2023,서울특별시,강서구,562962.0,269867.5,293094.5,13845.5,18529.5,42348.0,177448.5,168935.0,170268.0
2023,서울특별시,관악구,480923.5,241746.0,239177.5,7422.0,9886.5,25623.0,195681.0,127119.5,139895.0
2023,서울특별시,광진구,333991.0,160612.0,173379.0,6525.5,9292.0,24089.0,113917.0,100646.0,96230.0
2023,서울특별시,구로구,391803.0,192179.0,199624.0,10499.0,12878.0,28356.5,112829.5,120020.0,128797.5
2023,서울특별시,금천구,227081.0,114191.5,112889.5,4689.0,5593.0,13198.0,73133.0,67228.0,75517.0
2023,서울특별시,노원구,498636.5,239480.5,259156.0,10935.0,16408.5,48044.5,128133.0,162207.5,164186.5
2023,서울특별시,도봉구,307411.0,149082.5,158328.5,5881.5,9015.5,22892.0,76036.5,97078.0,118806.5
2023,서울특별시,동대문구,336442.5,165188.5,171254.0,8041.0,10418.5,22606.5,105100.5,99437.0,112005.0
2023,서울특별시,동작구,377040.5,182290.5,194750.0,8738.5,11951.5,26268.5,123380.5,111221.5,117430.0
2023,서울특별시,마포구,360946.0,168977.5,191968.5,9011.0,12146.5,26866.5,122223.5,111696.0,99298.0
2023,서울특별시,서대문구,303674.0,144360.5,159313.5,7576.0,10369.0,22272.5,92767.5,92321.5,98965.0
2023,서울특별시,서초구,401612.5,191581.5,210031.0,10643.0,17755.5,44512.0,106016.5,134875.0,106324.0
2023,서울특별시,성동구,276960.5,134427.0,142533.5,8245.0,9310.0,18110.0,86854.0,85194.0,84945.5
2023,서울특별시,성북구,425100.5,204088.0,221012.5,10212.0,14757.5,35488.5,121475.0,133911.0,135866.0
2023,서울특별시,송파구,651916.5,313478.5,338438.0,18225.5,26461.5,57776.0,190295.5,206366.0,180369.5
2023,서울특별시,양천구,435876.0,212890.0,222986.0,9357.0,16844.0,48156.0,106847.5,147166.5,127947.0
2023,서울특별시,영등포구,372244.5,182572.0,189672.5,10724.5,12123.0,23185.0,127080.0,108663.5,111365.0
2023,서울특별시,용산구,212437.0,102065.5,110371.5,5281.0,6217.0,13793.0,68086.0,65243.0,68325.5
2023,서울특별시,은평구,463624.0,220645.0,242979.0,10477.0,14529.0,35927.5,128028.0,146920.5,157297.5
2023,서울특별시,종로구,138501.0,66846.0,71655.0,2427.0,3724.0,9855.0,40898.0,42817.5,49327.5
2023,서울특별시,중구,119207.0,57719.0,61488.0,2738.0,3051.5,6189.5,37706.0,35250.5,43176.5
2023,서울특별시,중랑구,381591.5,187197.5,194394.0,8812.0,10905.0,24356.0,108555.0,118085.0,133220.0
2023,부산광역시,부산광역시,3291326.0,1604893.0,1686433.0,78305.5,121997.0,264326.5,777545.5,1025224.5,1238969.0
2023,부산광역시,강서구,142464.0,73815.5,68648.5,6999.5,10918.5,14505.0,35619.0,45351.5,34156.0
2023,부산광역시,금정구,217581.0,106156.0,111425.0,3777.5,6563.5,16309.0,51487.0,65285.5,90467.0
2023,부산광역시,기장군,178233.0,88234.0,89999.0,6177.5,10195.0,18876.0,39020.0,59590.5,54382.0
2023,부산광역시,남구,254104.5,123901.0,130203.5,5143.5,9401.0,22192.0,59030.5,79194.5,96509.5
2023,부산광역시,동구,86574.0,42175.0,44399.0,1779.0,2104.5,4654.5,20147.0,25098.0,41265.5
2023,부산광역시,동래구,271042.5,131098.5,139944.0,7079.0,11655.5,25481.0,61130.5,86919.5,94604.0
2023,부산광역시,부산진구,355831.5,170775.5,185056.0,8391.0,11147.0,23986.0,98806.0,104994.0,132087.5
2023,부산광역시,북구,275384.0,135418.5,139965.5,6775.0,9802.5,21590.5,64222.5,87092.0,101557.5
2023,부산광역시,사상구,202530.5,101707.5,100823.0,3904.5,5910.5,13940.5,49092.0,63276.0,77098.0
2023,부산광역시,사하구,298845.0,148270.5,150574.5,6269.0,9952.0,23873.0,68051.0,94131.0,114795.0
2023,부산광역시,서구,104126.0,50155.0,53971.0,1961.0,3080.5,7064.0,22738.5,30435.5,48678.5
2023,부산광역시,수영구,173561.0,81488.5,92072.5,3928.0,5290.0,11413.0,46057.5,50747.5,68778.0
2023,부산광역시,연제구,203888.5,97572.5,106316.0,5151.5,7583.0,16127.0,48733.0,63571.5,75771.5
2023,부산광역시,영도구,106811.5,52488.0,54323.5,1722.0,2706.0,6765.5,19879.0,31365.5,54901.5
2023,부산광역시,중구,38853.0,18807.0,20046.0,342.5,603.0,1716.5,9830.0,10883.0,19284.0
2023,부산광역시,해운대구,381496.0,182830.0,198666.0,8905.0,15084.5,35833.0,83702.0,127289.0,134633.5
2023,대구광역시,대구광역시,2372562.0,1165738.5,1206823.5,59547.0,94764.0,216102.5,567879.0,776334.5,807681.5
2023,대구광역시,군위군,23109.5,11898.0,11211.5,286.5,282.5,880.5,2472.0,5887.0,18067.5
2023,대구광역시,남구,139440.0,66646.5,72793.5,2447.5,3367.5,8594.0,34891.0,41413.5,62048.5
2023,대구광역시,달서구,530809.5,260471.0,270338.5,12117.0,20942.5,51162.5,129296.5,178874.5,165916.5
2023,대구광역시,달성군,262179.0,132883.0,129296.0,10919.5,15042.5,25769.5,64141.0,86918.5,71303.0
2023,대구광역시,동구,339814.5,166524.5,173290.0,9268.0,13011.0,26225.5,80847.5,105878.5,129105.5
2023,대구광역시,북구,424040.0,210375.0,213665.0,10648.5,16945.5,40121.0,107105.5,142242.0,129874.5
2023,대구광역시,서구,161046.5,79970.5,81076.0,2490.5,4016.5,9637.0,34911.0,50220.5,72503.0
2023,대구광역시,수성구,408093.5,196776.0,211317.5,8553.5,17748.5,47780.5,88810.0,140630.5,130528.5
2023,대구광역시,중구,84029.5,40194.0,43835.5,2816.0,3407.5,5932.0,25404.5,24269.5,28334.5
2023,인천광역시,인천광역시,2966979.0,1483001.5,1483977.5,84134.0,121382.0,271976.0,776165.5,986545.0,879382.0
2023,인천광역시,강화군,69116.0,34597.5,34518.5,1332.0,1585.5,4420.0,9675.5,18474.5,44441.0
2023,인천광역시,계양구,283118.0,140788.5,142329.5,6013.0,8686.5,23524.5,73882.0,96785.0,88550.0
2023,인천광역시,남동구,496577.5,246284.0,250293.5,11802.0,19891.5,46929.0,125004.5,167981.5,149647.5
2023,인천광역시,동구,58959.0,29583.5,29375.5,1190.5,1782.5,4670.5,12468.0,18636.0,25367.0
2023,인천광역시,미추홀구,403391.5,202712.5,200679.0,10143.5,13917.5,31325.5,107800.5,128738.5,136560.5
2023,인천광역시,부평구,488915.0,240656.5,248258.5,12163.5,16666.0,40020.5,133032.5,159418.0,154280.0
2023,인천광역시,서구,604260.0,304416.5,299843.5,22603.0,30871.0,61612.0,164623.0,207078.0,138884.0
2023,인천광역시,연수구,387342.5,192062.0,195280.5,13426.5,20669.0,44160.5,101253.0,133530.0,88746.0
2023,인천광역시,옹진군,20410.5,11657.0,8753.5,350.0,404.0,1045.0,4319.5,5522.0,11132.0
2023,인천광역시,중구,154889.0,80243.5,74645.5,5110.0,6908.5,14268.5,44107.0,50381.5,41774.0
2023,광주광역시,광주광역시,1420562.0,701187.5,719374.5,40702.5,62653.5,149102.0,369372.5,466935.5,408207.5
2023,광주광역시,광산구,397801.0,200429.0,197372.0,12696.5,20297.0,50098.5,106116.5,141359.0,81747.5
2023,광주광역시,남구,210508.0,100820.0,109688.0,5534.5,9706.5,22528.5,48967.0,65949.5,71954.0
2023,광주광역시,동구,105751.0,52135.0,53616.0,3461.5,4077.0,7474.5,28988.0,29939.5,40607.0
2023,광주광역시,북구,421862.0,208649.0,213213.0,12179.5,17442.0,40417.0,109890.5,135534.5,129838.0
2023,광주광역시,서구,284640.0,139154.5,145485.5,6830.5,11131.0,28583.5,75410.5,94153.0,84061.0
2023,대전광역시,대전광역시,1438846.0,716965.5,721880.5,40665.0,58776.0,138912.5,388340.0,461877.0,428083.5
2023,대전광역시,대덕구,170597.0,86600.0,83997.0,3963.5,5441.0,14790.5,41497.0,56802.5,58533.5
2023,대전광역시,동구,217792.5,109471.5,108321.0,5188.0,7493.0,18939.5,53020.0,67519.5,81329.5
2023,대전광역시,서구,465772.5,228418.0,237354.5,12959.0,19655.5,46921.5,132650.0,149488.5,125765.5
2023,대전광역시,유성구,360468.0,182426.5,178041.5,13681.5,18620.0,38210.5,108888.0,117004.5,76652.0
2023,대전광역시,중구,224216.0,110049.5,114166.5,4873.0,7566.5,20050.5,52285.0,71062.0,85803.0
2023,울산광역시,울산광역시,1103825.0,566569.5,537255.5,31542.0,50497.0,109772.5,263477.0,382727.5,309022.0
2023,울산광역시,남구,307630.5,156693.0,150937.5,8025.0,12537.5,28449.5,79871.0,106141.5,83149.5
2023,울산광역시,동구,151573.5,78982.0,72591.5,4225.5,7701.5,15951.0,34842.0,50762.5,42878.0
2023,울산광역시,북구,217189.0,112306.5,104882.5,8440.0,12979.5,24584.5,54734.0,78116.0,44245.5
2023,울산광역시,울주군,219683.0,113627.0,106056.0,5755.0,8675.0,21555.5,47555.0,77231.0,71228.0
2023,울산광역시,중구,207749.0,104961.0,102788.0,5096.5,8603.5,19232.0,46475.0,70476.5,67521.0
2023,세종특별자치시,세종특별자치시,384276.5,191515.0,192761.5,18091.0,26644.0,49839.5,98155.0,129507.0,76148.5
2023,세종특별자치시,세종시,384276.5,191515.0,192761.5,18091.0,26644.0,49839.5,98155.0,129507.0,76148.5
2023,경기도,경기도,13545542.5,6811447.0,6734095.5,414094.0,600617.5,1321983.5,3577801.5,4553468.0,3755473.0
2023,경기도,가평군,61961.0,31967.5,29993.5,1153.5,1678.5,4386.0,11194.5,18258.5,31986.5
2023,경기도,고양시,1069377.5,521775.0,547602.5,29336.5,42731.0,99800.5,279524.0,365861.5,316359.5
2023,경기도,과천시,79056.5,38814.0,40242.5,3303.0,4344.5,7677.0,21354.5,25100.5,21325.0
2023,경기도,광명시,282728.0,138834.0,143894.0,7892.5,11571.5,28641.5,71339.5,95341.0,81677.0
2023,경기도,광주시,389863.5,198783.5,191080.0,12741.5,18015.0,34904.5,95583.5,135301.0,110325.5
2023,경기도,구리시,186972.0,92476.5,94495.5,4851.0,7416.5,16881.5,47694.5,64116.5,55069.5
2023,경기도,군포시,262606.5,130239.5,132367.0,6726.5,9587.0,24366.5,70428.0,86714.5,79523.5
2023,경기도,김포시,483168.5,241287.5,241881.0,18549.0,28966.5,52316.0,117950.0,164718.0,121720.5
2023,경기도,남양주시,731185.5,362766.0,368419.5,21812.0,35018.0,79301.0,168988.5,254391.5,208913.5
2023,경기도,동두천시,89416.0,44598.0,44818.0,1834.5,3071.0,7974.0,19071.5,28535.0,37097.5
2023,경기도,부천시,781052.0,386033.5,395018.5,19700.5,27387.5,65345.5,208527.0,258410.0,239297.5
2023,경기도,성남시,915389.5,452884.0,462505.5,25525.0,35756.5,83835.5,251827.5,300529.5,265476.0
2023,경기도,수원시,1188668.5,597784.0,590884.5,35148.0,49526.0,114140.0,359183.5,394480.5,284674.0
2023,경기도,시흥시,514060.5,268055.0,246005.5,18532.0,25975.0,51234.5,140956.5,183284.0,111785.5
2023,경기도,안산시,631681.5,323252.5,308429.0,15333.5,21488.5,57333.5,179191.5,220507.5,165281.0
2023,경기도,안성시,188165.5,97197.0,90968.5,4573.5,7128.0,17434.5,43984.0,61618.5,67400.0
2023,경기도,안양시,543899.0,268450.5,275448.5,15777.0,20409.0,49122.0,148030.0,177565.0,160004.5
2023,경기도,양주시,254565.5,128623.0,125942.5,8425.5,12020.0,25914.0,59997.5,84938.5,78110.5
2023,경기도,양평군,123169.0,61844.5,61324.5,2533.5,4017.5,9906.0,20362.0,37113.5,61650.5
2023,경기도,여주시,113439.0,57659.0,55780.0,2604.5,3789.0,9318.0,22507.5,35647.5,49870.5
2023,경기도,연천군,41595.5,21823.5,19772.0,944.5,1228.0,2871.5,8589.0,11035.0,22134.5
2023,경기도,오산시,228893.0,119141.0,109752.0,7194.0,11779.5,25401.0,64621.0,79749.5,48024.0
2023,경기도,용인시,1070219.0,530774.0,539445.0,32322.5,52004.5,120554.0,267348.5,369642.5,284399.0
2023,경기도,의왕시,158844.5,78764.0,80080.5,5068.5,6710.0,13543.5,42912.0,50973.5,47726.0
2023,경기도,의정부시,461303.0,226580.5,234722.5,12940.5,17909.5,40639.0,120777.5,152216.5,143471.0
2023,경기도,이천시,221661.0,115320.0,106341.0,6409.5,9637.0,21978.5,59795.0,70474.0,65925.5
2023,경기도,파주시,494451.0,250612.5,243838.5,16539.0,24668.0,51681.0,126813.0,164775.5,138220.5
2023,경기도,평택시,581949.5,305384.5,276565.0,21137.0,27644.0,55735.0,167689.5,195260.0,140967.5
2023,경기도,포천시,144364.0,76367.0,67997.0,2909.5,4114.5,10874.0,30562.5,45911.0,62305.0
2023,경기도,하남시,326734.5,162840.0,163894.5,12695.5,18704.5,30987.0,88255.5,107437.5,80714.0
2023,경기도,화성시,925102.5,480515.5,444587.0,39580.5,56321.5,107887.0,262742.5,313560.5,174038.0
2023,강원도,강원도,1526763.0,767650.0,759113.0,39645.5,53774.5,130475.0,325374.0,471897.5,641897.5
2023,강원도,강릉시,209691.5,103896.0,105795.5,4883.0,6892.0,17669.0,43594.5,66246.0,89323.0
2023,강원도,고성군,27219.5,14000.5,13219.0,557.5,727.5,1592.0,4891.0,7642.5,15344.5
2023,강원도,동해시,88678.5,45040.5,43638.0,2188.5,3438.5,8351.5,16985.5,29171.0,35669.5
2023,강원도,삼척시,62897.0,31901.0,30996.0,1509.5,1784.0,4906.5,11630.5,18733.0,31710.5
2023,강원도,속초시,82080.0,40636.0,41444.0,2133.0,3096.5,6933.5,17371.0,26634.0,32085.0
2023,강원도,양구군,21185.5,11122.0,10063.5,683.0,820.0,1861.5,4866.5,5635.5,9472.5
2023,강원도,양양군,27705.5,14163.0,13542.5,452.0,667.0,1723.5,4245.5,8206.0,16074.0
2023,강원도,영월군,37354.0,19324.0,18030.0,582.5,860.5,2623.5,5287.5,10893.0,21939.5
2023,강원도,원주시,359758.5,178161.0,181597.5,11196.0,14818.0,34903.5,88296.5,117569.0,116305.5
2023,강원도,인제군,32048.0,17443.5,14604.5,1133.0,1204.5,2301.0,7870.5,8824.5,13551.0
2023,강원도,정선군,34446.5,17976.0,16470.5,578.5,798.5,2285.0,4782.0,10650.0,19401.0
2023,강원도,철원군,41757.0,21616.5,20140.5,1335.0,1469.5,3344.0,8985.0,11643.0,19178.5
2023,강원도,춘천시,285445.0,140854.5,144590.5,8236.0,11234.0,26179.5,71318.5,87498.5,103748.5
2023,강원도,태백시,38938.0,19608.0,19330.0,714.0,1201.0,3470.5,6029.0,12448.0,18676.5
2023,강원도,평창군,40692.0,21044.0,19648.0,570.5,922.0,2660.5,5755.5,12227.0,23369.5
2023,강원도,홍천군,67445.5,34687.0,32758.5,1403.5,1882.5,4644.5,11492.5,18997.5,37178.5
2023,강원도,화천군,23138.0,12411.0,10727.0,681.5,834.5,1636.5,5626.0,6026.5,10977.0
2023,강원도,횡성군,46283.0,23765.5,22517.5,808.5,1124.0,3389.0,6346.5,12852.5,27893.0
2023,충청북도,충청북도,1589702.0,807811.0,781891.0,42975.5,63368.5,145060.5,371604.0,501372.5,588532.0
2023,충청북도,괴산군,36735.0,18930.5,17804.5,436.5,728.5,1814.0,4343.0,10061.5,25383.5
2023,충청북도,단양군,27672.0,14066.5,13605.5,371.5,579.0,1735.5,3533.0,7869.5,17344.5
2023,충청북도,보은군,31158.0,15733.5,15424.5,429.0,738.5,1908.5,3900.0,8227.0,21713.5
2023,충청북도,상당구,197999.5,98325.0,99674.5,6186.0,9092.0,19925.0,47927.5,64599.5,62578.0
2023,충청북도,서원구,188167.0,93717.5,94449.5,4442.0,6711.0,18466.0,48333.5,61029.5,60562.5
2023,충청북도,영동군,44459.0,22249.0,22210.0,674.0,1040.5,2990.5,6090.0,12351.5,28329.0
2023,충청북도,옥천군,49104.0,24789.0,24315.0,728.5,1311.0,3638.0,7116.0,14197.5,29225.0
2023,충청북도,음성군,91229.5,48396.5,42833.0,1828.5,2948.5,7192.5,17299.5,29925.0,40769.0
2023,충청북도,제천시,130243.5,65445.5,64798.0,2866.5,4408.5,11284.5,25774.0,39600.0,58119.0
2023,충청북도,증평군,37259.0,19388.0,17871.0,1089.5,1614.0,3390.5,8851.0,11689.0,13396.0
2023,충청북도,진천군,85974.5,45430.5,40544.0,2776.5,4000.5,8439.0,19855.5,28373.0,29079.0
2023,충청북도,청원구,191824.0,98719.5,93104.5,6559.5,9944.0,19763.5,53274.0,60748.0,51917.5
2023,충청북도,청주시,848450.0,428288.0,420162.0,26718.5,38489.0,84654.0,230440.5,273501.5,239902.0
2023,충청북도,충주시,207417.5,105094.0,102323.5,5056.5,7510.5,18013.5,44401.5,65577.0,85271.5
2023,충청북도,흥덕구,270459.5,137526.0,132933.5,9531.0,12742.0,26499.5,80905.5,87124.5,64844.0
2023,충청남도,충청남도,2119950.5,1084955.5,1034995.0,59200.5,88889.5,202028.0,479251.5,667949.5,811397.5
2023,충청남도,계룡시,45452.0,22670.5,22781.5,1333.0,2381.5,6276.0,9951.5,16159.5,11467.5
2023,충청남도,공주시,102020.5,50890.5,51130.0,1845.5,2792.5,7920.5,19281.0,29279.5,54188.0
2023,충청남도,금산군,49945.0,25242.5,24702.5,754.5,1225.0,4055.0,6584.0,14293.0,30768.5
2023,충청남도,논산시,111226.0,55530.0,55696.0,2248.5,3626.0,9010.0,19470.5,32365.5,59446.0
2023,충청남도,당진시,168800.0,89996.5,78803.5,5294.5,8019.5,16314.0,35646.5,55213.5,63413.0
2023,충청남도,동남구,255159.5,129228.5,125931.0,6619.0,10182.5,25469.5,64377.0,84896.0,78707.0
2023,충청남도,보령시,96232.0,48726.0,47506.0,1984.5,3019.0,7716.0,16493.5,28955.5,49829.5
2023,충청남도,부여군,61562.5,30613.5,30949.0,779.5,1502.5,4170.0,8203.5,16025.0,42624.0
2023,충청남도,서북구,399121.0,205575.0,193546.0,14614.5,20616.5,42216.5,124086.5,132410.0,78850.5
2023,충청남도,서산시,175773.5,91797.5,83976.0,5403.0,7859.0,17080.0,38514.5,56456.0,66394.0
2023,충청남도,서천군,49397.5,24394.0,25003.5,752.0,1139.5,3122.5,6238.0,12884.0,35117.5
2023,충청남도,아산시,339077.5,176591.0,162486.5,12334.0,18511.5,37814.5,87304.0,112951.5,88536.5
2023,충청남도,예산군,77627.5,38936.0,38691.5,1348.5,1942.0,5460.5,12101.0,21826.0,47281.5
2023,충청남도,천안시,654280.5,334803.5,319477.0,21233.5,30799.0,67686.0,188463.5,217306.0,157557.5
2023,충청남도,청양군,30139.5,15384.5,14755.0,414.0,607.0,1942.0,4300.0,7640.5,21307.5
2023,충청남도,태안군,60856.5,30765.5,30091.0,934.5,1516.5,4088.5,8552.5,17461.0,37115.0
2023,충청남도,홍성군,97560.0,48614.0,48946.0,2541.0,3949.0,9372.5,18147.5,29133.0,46351.5
2023,전라북도,전라북도,1757041.0,874075.5,882965.5,40571.5,65841.5,165806.5,368250.5,546179.5,745185.0
2023,전라북도,고창군,51893.5,25821.5,26072.0,845.0,1301.5,3859.5,6928.0,13913.5,35042.0
2023,전라북도,군산시,260348.5,131817.5,128531.0,6340.0,10837.0,25706.0,53808.5,85672.5,97581.0
2023,전라북도,김제시,81247.0,40438.5,40808.5,1532.0,2114.5,5890.0,13167.0,22510.0,49928.5
2023,전라북도,남원시,77200.0,37860.5,39339.5,1592.0,2413.5,6702.0,12220.0,22773.0,43251.0
2023,전라북도,덕진구,316499.0,157130.5,159368.5,9612.0,15627.5,35405.5,81411.0,102757.5,89167.0
2023,전라북도,무주군,23334.0,11657.5,11676.5,328.5,574.0,1726.0,3034.5,6556.5,15487.0
2023,전라북도,부안군,49431.5,24586.0,24845.5,784.5,1233.5,3371.0,6956.5,13687.0,31864.0
2023,전라북도,순창군,26695.0,13120.5,13574.5,477.5,645.0,2091.0,3568.5,7343.0,17658.0
2023,전라북도,완산구,328899.0,159836.0,169063.0,7595.5,13001.5,33207.5,83210.5,106044.5,106525.5
2023,전라북도,완주군,94929.5,48750.0,46179.5,2381.5,3733.5,8486.0,18686.0,29281.0,42512.0
2023,전라북도,익산시,270812.0,134773.0,136039.0,5689.5,9618.5,25976.5,58661.5,85488.5,109023.0
2023,전라북도,임실군,26171.5,13438.0,12733.5,579.0,586.5,1488.5,3449.0,6723.5,18949.0
2023,전라북도,장수군,21135.5,10609.5,10526.0,364.0,509.5,1570.5,2660.0,5760.0,14227.5
2023,전라북도,전주시,645398.0,316966.5,328431.5,17207.5,28629.0,68613.0,164621.5,208802.0,195692.5
2023,전라북도,정읍시,103989.5,51764.0,52225.5,1973.5,3167.0,8764.5,17443.0,31125.0,56951.5
2023,전라북도,진안군,24455.5,12472.5,11983.0,477.0,478.5,1562.0,3046.5,6544.0,17018.0
2023,전라남도,전라남도,1806802.0,909893.0,896909.0,45142.5,66124.0,160151.5,352135.5,552811.0,835404.0
2023,전라남도,강진군,32859.5,15990.5,16869.0,598.5,805.5,2292.0,4579.5,8580.0,22484.0
2023,전라남도,고흥군,61327.5,29931.5,31396.0,937.5,1186.0,3456.0,6739.0,15106.5,48146.0
2023,전라남도,곡성군,26916.0,13339.5,13576.5,270.0,544.5,1678.5,3600.5,7240.5,19600.5
2023,전라남도,광양시,152155.0,79548.5,72606.5,5005.0,6716.0,15688.0,36612.5,52839.0,44157.5
2023,전라남도,구례군,24431.5,11947.5,12484.0,333.0,550.5,1650.5,2996.0,6863.5,16815.0
2023,전라남도,나주시,116683.0,58854.0,57829.0,3852.5,5253.0,9990.0,25537.5,34396.0,50140.0
2023,전라남도,담양군,45489.0,23015.5,22473.5,862.5,1143.0,2926.5,7380.5,12833.5,27647.5
2023,전라남도,목포시,214931.5,106730.5,108201.0,4885.5,9291.0,23537.5,46845.0,71428.5,72374.0
2023,전라남도,무안군,90294.5,45425.0,44869.5,2792.5,4539.0,10017.5,19543.0,27979.0,33196.0
2023,전라남도,보성군,38007.0,18601.0,19406.0,514.0,780.5,2345.0,4494.5,9765.0,28916.5
2023,전라남도,순천시,277841.0,138550.5,139290.5,8410.5,12303.5,28830.0,66137.5,89822.5,91716.0
2023,전라남도,신안군,37841.5,20357.5,17484.0,602.0,711.0,1925.0,4672.5,10668.5,26309.5
2023,전라남도,여수시,272589.0,138709.0,133880.0,7058.0,10680.0,24900.0,59140.5,86480.0,104721.0
2023,전라남도,영광군,51861.5,25911.0,25950.5,1940.0,1526.0,3932.5,9050.5,14478.0,28344.0
2023,전라남도,영암군,52256.0,27289.5,24966.5,1126.5,1601.5,4131.0,8743.5,16475.5,27393.0
2023,전라남도,완도군,46993.5,23703.5,23290.0,1023.0,1512.0,3393.0,6390.5,13145.0,29429.5
2023,전라남도,장성군,42759.0,21970.5,20788.5,808.0,1266.0,3045.0,6880.0,12335.5,25273.5
2023,전라남도,장흥군,35250.0,17202.0,18048.0,656.0,895.0,2471.0,4862.0,9514.5,23964.5
2023,전라남도,진도군,29182.0,14538.0,14644.0,573.5,785.0,2017.0,4155.5,8015.5,18862.0
2023,전라남도,함평군,30614.5,15476.5,15138.0,446.5,578.0,1901.0,3901.5,8238.5,21990.0
2023,전라남도,해남군,65061.5,32428.5,32633.0,1339.0,1728.0,4807.0,9046.5,18083.5,40991.5
2023,전라남도,화순군,61458.0,30373.0,31085.0,1108.5,1729.0,5217.5,10827.0,18522.5,32932.5
2023,경상북도,경상북도,2558213.5,1290582.0,1267631.5,62519.5,95650.0,218368.5,515673.0,803746.5,1107858.0
2023,경상북도,경산시,266058.0,133713.0,132345.0,6978.0,10543.5,22809.5,66723.0,86022.5,90456.0
2023,경상북도,경주시,247712.0,123923.0,123789.0,5562.5,8325.0,19727.0,46646.0,79662.0,111873.5
2023,경상북도,고령군,30179.5,15488.0,14691.5,465.0,652.0,1807.5,4007.5,8867.5,19103.5
2023,경상북도,구미시,405517.0,208599.0,196918.0,12841.0,21132.0,43954.5,109731.5,141890.0,91093.5
2023,경상북도,김천시,138069.5,69286.5,68783.0,3788.0,5205.0,12225.0,26677.0,41668.5,63465.0
2023,경상북도,남구,226152.0,117218.5,108933.5,5308.5,9195.0,20873.5,48612.0,74272.5,80625.0
2023,경상북도,문경시,69335.0,34062.0,35273.0,1449.0,1952.5,5236.5,10728.0,19428.0,40704.5
2023,경상북도,봉화군,29719.0,15114.0,14605.0,421.0,602.0,1715.5,3180.5,7802.5,21894.0
2023,경상북도,북구,267127.0,132835.0,134292.0,7233.0,11602.5,24998.0,56760.0,86649.5,96216.5
2023,경상북도,상주시,94172.5,46316.0,47856.5,1783.0,2666.5,7225.5,13727.0,26040.5,58283.0
2023,경상북도,성주군,42194.5,22004.5,20190.0,808.0,783.5,2129.0,5700.0,11873.0,27238.0
2023,경상북도,안동시,153467.5,75808.0,77659.5,3531.0,5289.5,13055.0,29276.5,45953.0,74192.5
2023,경상북도,영덕군,34246.0,16301.5,17944.5,531.0,766.0,1898.0,4013.5,9075.0,24912.0
2023,경상북도,영양군,15812.0,7886.5,7925.5,226.0,342.5,871.5,1826.5,4150.0,11585.0
2023,경상북도,영주시,100270.5,49708.0,50562.5,1916.0,3183.5,8655.0,16657.5,29692.5,52799.0
2023,경상북도,영천시,100430.5,51140.5,49290.0,2476.0,2662.0,6377.5,17285.5,29416.0,54927.5
2023,경상북도,예천군,55432.0,27254.0,28178.0,1730.5,2347.5,4640.0,8956.5,14903.0,31967.0
2023,경상북도,울릉군,8949.5,4950.0,3999.5,141.0,180.5,439.5,1604.0,2981.5,4476.5
2023,경상북도,울진군,46750.0,23564.5,23185.5,1058.0,1394.0,3342.0,7761.0,13835.5,26485.5
2023,경상북도,의성군,49981.0,24692.0,25289.0,831.5,852.5,2109.0,5442.0,12002.0,39827.5
2023,경상북도,청도군,41350.5,20451.5,20899.0,546.0,720.5,2147.0,4658.0,10873.5,30344.5
2023,경상북도,청송군,24122.0,12097.5,12024.5,390.5,445.5,1076.5,2916.5,6268.5,17572.5
2023,경상북도,칠곡군,111166.0,58168.5,52997.5,2505.0,4806.5,11056.0,22783.0,40419.5,37816.0
2023,경상북도,포항시,493279.0,250053.5,243225.5,12541.5,20797.5,45871.5,105372.0,160922.0,176841.5
2023,경상남도,경상남도,3255461.0,1638272.5,1617188.5,82778.5,138123.5,317234.5,686227.0,1086440.5,1176237.5
2023,경상남도,거제시,234450.5,122484.0,111966.5,6533.0,13616.0,28269.5,48099.0,87902.5,59632.0
2023,경상남도,거창군,60062.5,29525.0,30537.5,1153.5,1938.0,5662.0,9725.0,17164.5,33439.0
2023,경상남도,고성군,49850.5,25102.5,24748.0,602.0,1251.0,3982.5,6481.5,14591.0,30767.0
2023,경상남도,김해시,532950.5,269314.0,263636.5,15440.0,25576.0,59720.5,125080.0,193742.5,134863.0
2023,경상남도,남해군,41075.0,19973.0,21102.0,513.5,866.5,2642.0,4892.0,10711.0,30486.5
2023,경상남도,마산합포구,178475.0,88684.5,89790.5,4615.5,7300.0,14568.5,37307.5,55246.0,72668.0
2023,경상남도,마산회원구,180875.0,90198.0,90677.0,3782.0,6637.5,17134.5,37520.5,60322.0,65401.0
2023,경상남도,밀양시,102054.0,50274.5,51779.5,1771.0,2885.5,7318.0,15740.5,29648.5,57315.5
2023,경상남도,사천시,108870.5,55000.0,53870.5,2456.0,4266.0,10125.0,20233.0,35331.0,47152.5
2023,경상남도,산청군,33801.5,16764.5,17037.0,421.5,609.5,1916.0,3813.0,9072.0,24756.5
2023,경상남도,성산구,246160.5,125507.0,120653.5,6640.0,10053.0,24698.0,67310.5,87541.5,56523.5
2023,경상남도,양산시,353588.0,176858.0,176730.0,11307.5,18164.5,35554.0,80454.0,122093.5,103095.0
2023,경상남도,의령군,25714.0,12744.5,12969.5,371.5,509.5,1380.0,3067.5,6811.5,19089.0
2023,경상남도,의창구,213826.0,108659.0,105167.0,5984.5,9220.5,19304.5,51771.0,72958.5,63887.5
2023,경상남도,진주시,341728.5,168730.0,172998.5,9440.0,14805.5,34114.5,80881.0,108404.5,117257.5
2023,경상남도,진해구,191966.5,98630.5,93336.0,5923.5,9725.0,21558.0,42878.0,65866.5,56043.5
2023,경상남도,창녕군,57602.5,28787.0,28815.5,915.0,1474.5,3800.5,7758.0,16311.0,36220.0
2023,경상남도,통영시,121285.5,60845.0,60440.5,2277.5,4773.5,12513.0,20102.0,41301.0,49085.0
2023,경상남도,통합창원시,1011303.0,511679.0,499624.0,26945.5,42936.0,97263.5,236787.5,341934.5,314523.5
2023,경상남도,하동군,41885.5,20976.0,20909.5,577.5,827.5,2471.0,4894.0,11612.0,29634.0
2023,경상남도,함안군,60652.0,31001.0,29651.0,1013.5,1969.5,5607.5,8978.5,19079.0,31457.0
2023,경상남도,함양군,37201.5,18030.5,19171.0,521.5,930.5,2717.0,4704.5,10265.0,25112.5
2023,경상남도,합천군,41385.5,20184.0,21201.5,518.5,724.0,2178.0,4536.0,10465.5,32352.0
2023,제주특별자치도,제주특별자치도,673099.0,336907.5,336191.5,20624.5,32454.5,70610.0,154191.0,226001.0,215575.5
2023,제주특별자치도,서귀포시,183240.5,92241.5,90999.0,4893.5,8317.0,17711.5,35945.0,61542.0,70891.5
2023,제주특별자치도,제주시,489858.5,244666.0,245192.5,15731.0,24137.5,52898.5,118246.0,164459.0,144684.0
